{"cameraMode":{"drawMode":0,"name":"Shaded","section":"Shading Mode"},"sceneLighting":true,"audioPlay":false,"sceneViewState":{"showFog":true,"showMaterialUpdate":false,"showSkybox":true,"showFlares":true,"showImageEffects":true,"showParticleSystems":true},"in2DMode":false,"pivot":{"x":-0.38053274154663088,"y":-0.027473926544189454,"z":-3.627577781677246},"rotation":{"x":0.027650540694594384,"y":0.97202467918396,"z":-0.15169250965118409,"w":0.17718113958835603},"size":6.803062915802002,"orthographic":false}