{"cameraMode":{"drawMode":0,"name":"Shaded","section":"Shading Mode"},"sceneLighting":true,"audioPlay":false,"sceneViewState":{"showFog":true,"showMaterialUpdate":false,"showSkybox":true,"showFlares":true,"showImageEffects":true,"showParticleSystems":true},"in2DMode":false,"pivot":{"x":-1.6445704698562623,"y":-0.9191493988037109,"z":-1.2383708953857422},"rotation":{"x":0.4739203155040741,"y":-0.014532388187944889,"z":0.007821513339877129,"w":0.8804158568382263},"size":22.0,"orthographic":false}