{"cameraMode":{"drawMode":0,"name":"Shaded","section":"Shading Mode"},"sceneLighting":true,"audioPlay":false,"sceneViewState":{"showFog":true,"showMaterialUpdate":false,"showSkybox":true,"showFlares":true,"showImageEffects":true,"showParticleSystems":true},"in2DMode":false,"pivot":{"x":-2.7450122833251955,"y":-0.03226613998413086,"z":-1.2627637386322022},"rotation":{"x":0.15783067047595979,"y":0.8270717859268189,"z":-0.2849659025669098,"w":0.45808035135269167},"size":4.4342851638793949,"orthographic":false}