{"cameraMode":{"drawMode":0,"name":"Shaded","section":"Shading Mode"},"sceneLighting":false,"audioPlay":false,"sceneViewState":{"showFog":true,"showMaterialUpdate":false,"showSkybox":true,"showFlares":true,"showImageEffects":true,"showParticleSystems":true},"in2DMode":false,"pivot":{"x":-2.069999933242798,"y":0.75,"z":0.22200000286102296},"rotation":{"x":0.44150716066360476,"y":0.04169255122542381,"z":-0.02054317109286785,"w":0.8960543870925903},"size":2.853116750717163,"orthographic":false}