{"cameraMode":{"drawMode":0,"name":"Shaded","section":"Shading Mode"},"sceneLighting":true,"audioPlay":false,"sceneViewState":{"showFog":true,"showMaterialUpdate":false,"showSkybox":true,"showFlares":true,"showImageEffects":true,"showParticleSystems":true},"in2DMode":false,"pivot":{"x":-1.9325647354125977,"y":-9.57065486907959,"z":-3.139908790588379},"rotation":{"x":-0.12163404375314713,"y":0.8783584833145142,"z":-0.32492250204086306,"w":-0.3288118243217468},"size":27.522130966186525,"orthographic":false}